wavelength (nm);5_8_2023_1;5_8_2023_2;22_05_2023_1;22_05_2023_2;22_05_2023_3
190;257.42200;260.27600;81.85200;178.75600;357.82000
190.5;258.24200;260.42800;81.80100;179.00500;359.96000
191;258.73600;263.63900;81.70400;178.44400;359.27300
191.5;259.51000;264.42000;82.34200;177.94500;359.62000
192;259.55200;264.15600;82.72100;178.09700;359.17500
192.5;259.45000;264.50700;83.88700;178.43000;361.86100
193;258.85300;265.48100;84.51200;178.38700;362.57100
193.5;260.04500;264.95300;84.84300;178.32200;363.21600
194;261.13500;265.23700;85.24700;178.45500;363.18000
194.5;259.91700;263.36400;85.20100;179.03000;362.52900
195;259.55000;263.10300;84.57200;178.89000;361.53200
195.5;259.10300;261.75800;84.23500;178.02500;358.90700
196;257.62200;262.39900;83.17000;176.55400;357.31700
196.5;255.94800;260.22700;82.22800;174.89500;355.64000
197;255.39400;258.57800;81.19500;173.57700;351.67500
197.5;252.83700;257.52900;81.33300;172.83600;348.68900
198;251.90200;254.37100;80.09700;170.85100;345.47500
198.5;249.93600;251.93400;79.76900;168.78100;341.80700
199;247.43300;249.13200;79.64600;166.47800;337.86500
199.5;244.57700;245.55300;78.55600;164.31700;334.14000
200;241.09900;243.29500;77.47700;161.48100;329.86800
200.5;237.38000;239.46200;76.13500;158.10800;323.99500
201;234.34400;236.52800;74.49600;155.14500;319.92900
201.5;232.07000;232.46200;73.49500;152.54700;314.56300
202;229.59700;228.44100;72.12600;150.21800;308.16100
202.5;226.96900;224.94200;70.73900;148.45500;302.50700
203;224.07900;221.40500;69.23400;145.78700;297.62400
203.5;220.06400;218.80600;68.63600;143.50400;293.05400
204;217.18400;216.02600;67.95300;140.80300;288.45000
204.5;213.87300;212.48600;66.57200;138.53900;283.40200
205;210.21200;208.80400;65.31600;135.67900;277.80000
205.5;206.13600;204.35900;64.05500;132.97600;271.54900
206;203.15800;200.33800;63.19100;130.37900;266.73200
206.5;199.58400;196.37300;62.19600;127.94100;261.15900
207;195.28500;192.59500;60.53500;125.61700;255.53700
207.5;191.52800;189.04600;59.00400;123.26100;250.83600
208;187.30500;184.88300;57.54100;121.09300;245.55900
208.5;183.20500;181.12900;56.27100;118.79300;239.85800
209;179.60300;177.89900;54.89100;116.31000;234.25500
209.5;176.61500;174.03100;53.60900;113.62300;227.94100
210;173.37100;170.68400;52.51600;110.75500;222.03600
210.5;169.72900;167.34400;51.61800;108.01800;216.60900
211;167.04500;164.49700;51.27000;105.31800;211.86300
211.5;163.89900;161.84700;50.40200;102.87300;207.50000
212;160.58400;158.96800;49.29000;100.78300;204.42900
212.5;157.29100;156.03900;48.11600;98.81400;201.21400
213;154.46800;153.10200;46.97300;97.31700;197.68700
213.5;152.13200;150.69000;45.89800;95.62200;194.01700
214;149.84700;148.54900;44.99000;93.93700;190.06400
214.5;147.87900;146.39000;44.12500;92.31200;186.16200
215;145.87400;144.09100;43.27100;90.65700;182.52300
215.5;143.98000;141.67100;42.55500;89.06500;179.44300
216;142.34400;139.32100;41.95400;87.70700;176.89200
216.5;139.98800;137.34400;40.89300;86.45600;174.45300
217;138.20600;135.19300;40.02500;85.18600;172.45500
217.5;136.54200;133.46500;39.27800;83.90400;170.10300
218;135.01900;131.59800;38.78000;82.62000;167.35300
218.5;133.19500;129.46000;38.37700;81.35400;164.75200
219;131.19100;127.46100;37.87500;80.22200;162.02700
219.5;129.49800;125.53300;37.45200;78.95900;159.46900
220;128.03500;123.70800;36.92000;77.81600;156.91900
220.5;126.40800;121.81600;36.45700;76.84900;154.80000
221;124.86500;120.26200;35.87600;75.92800;153.15900
221.5;123.22800;118.75900;35.05000;74.92100;150.96300
222;121.76900;117.45100;34.58400;73.73700;149.08900
222.5;120.45700;116.27900;34.26100;72.67000;147.14000
223;118.62900;114.74500;34.00200;71.63100;144.91000
223.5;116.91700;112.93700;33.51800;70.61000;143.32300
224;115.20700;111.37400;33.00800;69.61300;141.32800
224.5;113.53600;109.74200;32.54500;68.60200;139.24100
225;111.98100;108.04900;32.00300;67.63600;137.17800
225.5;110.11600;106.05300;31.55400;66.54500;134.89700
226;107.93500;103.87200;30.98300;65.25300;132.22100
226.5;105.66600;101.56600;30.44200;63.92900;129.22000
227;103.69200;99.66100;30.04200;62.70800;126.79200
227.5;102.27600;98.00800;29.61300;61.72100;124.54700
228;101.10200;96.74700;29.08100;60.99600;122.83300
228.5;100.30500;95.84900;28.65300;60.35800;121.55400
229;99.62400;95.15600;28.31800;59.90200;120.38900
229.5;99.01700;94.62400;27.93300;59.51100;119.53300
230;98.42500;94.02700;27.64100;59.07800;118.67900
230.5;97.36800;92.88000;27.29500;58.46200;117.31800
231;95.75600;91.29300;26.86700;57.61600;115.69500
231.5;93.95100;89.34400;26.34400;56.62500;113.80700
232;92.06200;87.23900;25.80700;55.56300;111.76100
232.5;90.31300;85.27000;25.21500;54.53500;109.85800
233;88.58000;83.41100;24.73600;53.51300;107.90300
233.5;86.80700;81.57100;24.19300;52.55500;106.03700
234;85.08700;79.78600;23.89000;51.63800;104.17400
234.5;83.54600;78.32500;23.46800;50.82700;102.49600
235;82.24900;77.04300;23.18700;50.05100;100.84900
235.5;80.97900;75.89000;22.93600;49.29200;99.13200
236;79.58600;74.65700;22.61500;48.53100;97.62100
236.5;78.32800;73.34500;22.30600;47.77500;96.09400
237;77.05400;71.88100;21.98100;47.04800;94.50500
237.5;75.76900;70.54900;21.56100;46.38500;93.06100
238;74.56100;69.17600;21.24800;45.65900;91.52700
238.5;73.15300;67.68000;20.86300;44.91600;89.94200
239;71.67800;66.07900;20.59600;44.16500;88.31900
239.5;70.08900;64.50100;20.14500;43.36800;86.69700
240;68.52100;62.96400;19.85200;42.51200;84.98900
240.5;67.03600;61.65100;19.58400;41.69100;83.33500
241;65.77500;60.43800;19.28300;41.00500;81.97700
241.5;65.00700;59.68000;19.02200;40.46700;80.89200
242;64.50900;59.18000;18.77200;40.10400;80.05100
242.5;64.32100;58.98800;18.54900;39.82000;79.46600
243;64.25100;58.81500;18.43100;39.58600;78.96800
243.5;64.02300;58.47900;18.25300;39.35300;78.37000
244;63.53000;57.86500;18.02900;38.98500;77.68600
244.5;62.38100;56.69900;17.76500;38.36100;76.50600
245;60.99700;55.25500;17.55500;37.60400;74.99500
245.5;59.64100;53.94500;17.37500;36.92800;73.56200
246;58.65000;52.97300;17.16400;36.39400;72.40000
246.5;58.20400;52.56000;17.03400;36.04300;71.59300
247;58.02400;52.43100;17.00000;35.81300;71.11300
247.5;58.18800;52.64600;16.92500;35.73200;70.97700
248;58.51700;53.02600;16.85200;35.80700;71.06000
248.5;58.90300;53.36300;16.71100;35.86300;71.04600
249;59.03000;53.36000;16.53000;35.74700;70.83300
249.5;58.44400;52.64700;16.37100;35.37700;70.22100
250;57.59500;51.71400;16.17200;34.95700;69.43100
250.5;56.69900;50.76800;15.97800;34.58400;68.63400
251;56.19100;50.15100;15.89100;34.29500;68.08200
251.5;55.84100;49.76600;15.81400;34.10000;67.67600
252;55.74400;49.61500;15.76200;33.92800;67.39700
252.5;55.75900;49.76800;15.74300;33.87500;67.24900
253;55.96000;50.05700;15.71300;33.87800;67.14000
253.5;56.11700;50.36500;15.68200;33.85400;66.87600
254;56.12300;50.45800;15.61500;33.85400;66.76100
254.5;55.74900;50.10400;15.57900;33.71900;66.53200
255;55.19600;49.52400;15.39500;33.57700;66.19800
255.5;54.67400;48.99900;15.29900;33.36200;65.79800
256;54.49400;48.69600;15.30900;33.17300;65.51100
256.5;54.41900;48.51000;15.20900;33.03000;65.25600
257;54.42800;48.39500;15.16700;32.88100;65.04900
257.5;54.15800;48.19200;15.14700;32.66200;64.69000
258;53.82500;47.94700;15.17700;32.39700;64.23000
258.5;53.51800;47.78000;15.26100;32.17800;63.72100
259;53.45800;47.83000;15.29700;32.15800;63.62700
259.5;53.67900;48.11300;15.36700;32.24000;63.72200
260;54.08000;48.54500;15.33000;32.42400;64.11900
260.5;54.57200;49.15400;15.39800;32.61300;64.51400
261;55.20900;49.80700;15.46900;32.85600;64.98300
261.5;55.77600;50.38800;15.54000;33.11700;65.42000
262;56.08200;50.71300;15.56000;33.31600;65.81500
262.5;56.09400;50.73000;15.60500;33.39700;65.95300
263;55.98200;50.62100;15.75400;33.43300;65.90500
263.5;56.12700;50.60000;15.79900;33.42900;65.86500
264;56.20000;50.60700;15.83400;33.45500;65.91500
264.5;56.35800;50.70600;15.83200;33.57600;66.07900
265;56.44900;50.74900;15.86300;33.70100;66.31900
265.5;56.51700;50.92600;15.93000;33.84100;66.51500
266;56.61400;51.10000;16.03700;34.03100;66.86700
266.5;56.86300;51.37600;16.17200;34.17500;67.20900
267;57.05900;51.71000;16.29700;34.35700;67.59700
267.5;57.42300;52.14300;16.44000;34.49000;67.83900
268;57.70000;52.51600;16.53900;34.66000;68.13600
268.5;58.18800;53.08300;16.55200;34.77600;68.43700
269;58.28800;53.22200;16.62300;34.79000;68.56200
269.5;58.21000;53.19600;16.64800;34.72800;68.64400
270;58.07400;53.14100;16.76800;34.64800;68.55500
270.5;58.16000;53.27500;16.76800;34.66900;68.62600
271;58.28800;53.42600;16.75400;34.79200;68.85600
271.5;58.69100;53.68500;16.73300;34.84400;69.03800
272;58.89100;53.84100;16.70000;34.93000;69.22700
272.5;59.25500;54.03000;16.61100;35.00900;69.44800
273;59.50200;54.27000;16.50100;35.11100;69.80600
273.5;59.83300;54.62300;16.45100;35.09700;69.89500
274;59.68900;54.53900;16.40500;34.97900;69.77700
274.5;59.38900;54.24900;16.42900;34.77700;69.57700
275;59.16200;54.05300;16.45300;34.62400;69.33300
275.5;59.02000;53.91800;16.35300;34.57800;69.10600
276;58.85500;53.80200;16.33800;34.54200;68.84700
276.5;58.75800;53.65900;16.35900;34.46400;68.65300
277;58.74600;53.61600;16.33400;34.45000;68.66300
277.5;58.77900;53.67200;16.26700;34.48400;68.68700
278;58.82200;53.78800;16.22100;34.44700;68.69300
278.5;58.80000;53.86900;16.22300;34.40200;68.58100
279;58.63800;53.78800;16.16900;34.35800;68.36500
279.5;58.31800;53.47400;16.21000;34.23600;68.09900
280;58.01800;53.17300;16.22500;34.13600;67.80400
280.5;57.68400;52.84100;16.24100;34.02100;67.37700
281;57.39000;52.58500;16.28000;33.90000;67.05900
281.5;57.35300;52.50700;16.25700;33.87500;66.97100
282;57.37200;52.50200;16.18900;33.88100;66.94600
282.5;57.26800;52.42800;16.10400;33.84200;66.79500
283;57.23300;52.36600;16.07100;33.80300;66.76300
283.5;57.16400;52.27200;16.00600;33.73100;66.65700
284;57.08300;52.09200;15.91700;33.59600;66.33100
284.5;56.77000;51.79400;15.85600;33.39600;65.93400
285;56.44100;51.52000;15.79900;33.18100;65.57100
285.5;56.20800;51.33300;15.75700;32.98700;65.24800
286;56.16600;51.34900;15.69100;32.87000;65.07900
286.5;56.25100;51.37000;15.58400;32.77800;65.04800
287;56.18600;51.25400;15.52400;32.71000;64.94700
287.5;55.97300;51.01700;15.45400;32.63200;64.82000
288;55.77200;50.87900;15.36000;32.52200;64.70400
288.5;55.40600;50.48300;15.23700;32.34400;64.34400
289;54.93500;50.04500;15.13100;32.16300;63.83900
289.5;54.33600;49.55300;15.01100;31.96000;63.26800
290;53.84000;49.17200;14.97600;31.75300;62.79300
290.5;53.56300;48.94900;14.92200;31.66400;62.50000
291;53.44500;48.82300;14.89700;31.57200;62.24200
291.5;53.37100;48.68700;14.84800;31.42900;62.03200
292;53.19300;48.42000;14.84500;31.32700;61.75500
292.5;52.86300;47.98100;14.82700;31.13300;61.36600
293;52.61600;47.73100;14.76600;30.90900;60.95100
293.5;52.24400;47.25200;14.68200;30.74600;60.51300
294;51.91000;46.91900;14.63400;30.59200;60.07800
294.5;51.63200;46.64400;14.60700;30.43300;59.71200
295;51.43900;46.49100;14.59200;30.25000;59.39000
295.5;51.10700;46.22300;14.49900;30.08700;58.99500
296;50.78700;46.00400;14.44700;29.89500;58.61300
296.5;50.62100;45.81300;14.34600;29.70300;58.33600
297;50.34900;45.59000;14.22100;29.60400;58.10900
297.5;50.14100;45.37000;14.18400;29.46500;57.92200
298;50.11900;45.31800;14.09200;29.39400;57.79300
298.5;50.22100;45.30800;14.04000;29.39000;57.78600
299;50.35100;45.37700;14.00200;29.36400;57.79700
299.5;50.41500;45.30000;13.92400;29.33500;57.76600
300;50.36800;45.21300;13.85400;29.23700;57.51300
300.5;50.07800;44.86200;13.73600;29.10100;57.20500
301;49.87500;44.64400;13.68100;28.95900;56.94400
301.5;49.85800;44.44000;13.62600;28.91700;56.78900
302;49.79100;44.35200;13.57900;28.93300;56.63900
302.5;49.64100;44.24100;13.56900;28.91300;56.58500
303;49.54300;44.14400;13.51800;28.87800;56.45300
303.5;49.49300;44.05500;13.54400;28.80100;56.37500
304;49.36600;43.93400;13.50100;28.72900;56.30700
304.5;49.22900;43.69800;13.49200;28.68300;56.16700
305;49.00100;43.58200;13.49300;28.58000;56.01500
305.5;48.82500;43.35500;13.43400;28.54200;55.97300
306;48.76000;43.36400;13.40600;28.52800;55.97500
306.5;48.81700;43.38700;13.39400;28.60100;55.95800
307;48.85300;43.51200;13.39400;28.58400;55.82100
307.5;48.79400;43.57100;13.39000;28.57400;55.80700
308;48.68400;43.55000;13.39300;28.58100;55.78500
308.5;48.68000;43.63200;13.41800;28.56200;55.76700
309;48.78000;43.70200;13.43300;28.57700;55.83900
309.5;48.81400;43.68000;13.52000;28.56800;55.85400
310;48.77400;43.68200;13.62300;28.55400;55.87400
310.5;48.85200;43.64700;13.62900;28.62500;56.02700
311;48.84700;43.71700;13.57800;28.70900;56.26000
311.5;48.92200;43.80700;13.65300;28.76800;56.32300
312;49.11100;43.96800;13.68300;28.79800;56.39800
312.5;49.21200;43.98100;13.66600;28.89100;56.53600
313;49.26500;43.99700;13.65700;28.98100;56.63700
313.5;49.37600;44.09500;13.67200;29.08200;56.73900
314;49.53200;44.10400;13.70200;29.13000;56.83600
314.5;49.51800;44.12600;13.72600;29.23400;56.97400
315;49.54700;44.23700;13.79300;29.32000;57.12300
315.5;49.62200;44.39700;13.79600;29.42400;57.32600
316;49.61200;44.56200;13.84800;29.49700;57.49100
316.5;49.76700;44.86200;13.91500;29.57800;57.63000
317;50.04600;45.10000;13.91800;29.65200;57.78000
317.5;50.25600;45.22900;13.93600;29.72300;57.86800
318;50.38900;45.30800;14.01800;29.68100;57.80700
318.5;50.38700;45.31400;14.03700;29.68200;57.76000
319;50.42700;45.26000;14.04200;29.70600;57.75900
319.5;50.36000;45.16900;14.05600;29.75300;57.92200
320;50.33700;45.15300;14.11400;29.74600;57.94500
320.5;50.35900;45.20700;14.07200;29.81200;58.00700
321;50.36400;45.26900;14.07800;29.83400;57.95100
321.5;50.33500;45.39800;14.00900;29.86500;58.06700
322;50.33000;45.41500;14.04900;29.79100;58.04800
322.5;50.29000;45.38100;14.06900;29.77800;58.03900
323;50.14100;45.34300;14.08000;29.70500;57.90800
323.5;49.94500;45.20900;14.01600;29.75500;57.95200
324;49.89900;45.05000;14.09500;29.77000;58.09500
324.5;49.95800;44.99400;14.20500;29.72200;58.25300
325;49.95100;44.97200;14.26900;29.70200;58.23000
325.5;50.04500;45.03400;14.20800;29.79500;58.27700
326;50.07900;45.17600;14.27600;29.77100;58.14200
326.5;50.17300;45.18800;14.32500;29.70600;58.07200
327;50.21000;45.25200;14.30100;29.55300;57.89500
327.5;50.27700;45.29900;14.17900;29.50400;57.71400
328;50.36800;45.32900;14.05800;29.38400;57.47500
328.5;50.32600;45.17500;13.94900;29.32500;57.28600
329;50.28500;45.10100;13.96200;29.28600;57.15900
329.5;50.20800;45.04200;13.90900;29.19900;57.02100
330;49.97100;44.84500;13.83400;29.14000;56.84400
330.5;49.75500;44.67700;13.70200;29.12700;56.65000
331;49.51400;44.44500;13.70600;28.99600;56.45700
331.5;49.32000;44.08200;13.69800;28.91900;56.27900
332;49.07000;43.88100;13.58400;28.80800;56.23900
332.5;48.92700;43.67300;13.53500;28.73400;56.13300
333;48.94500;43.60100;13.54300;28.58800;56.02500
333.5;48.84700;43.50800;13.53600;28.46600;55.85700
334;48.72900;43.52700;13.53000;28.43600;55.74500
334.5;48.47600;43.34200;13.41500;28.34900;55.55200
335;48.08500;43.04900;13.40200;28.26800;55.23100
335.5;47.74600;42.69900;13.29100;28.12300;54.87600
336;47.39800;42.30800;13.25900;27.94200;54.58200
336.5;47.05300;41.92500;13.20800;27.72500;54.20200
337;46.82300;41.58000;13.13300;27.52400;53.90700
337.5;46.65500;41.30200;13.13100;27.29700;53.46400
338;46.58000;41.08400;13.07800;27.02500;53.04900
338.5;46.44200;40.87100;12.97200;26.74700;52.61800
339;46.23400;40.74200;12.81100;26.48500;52.09400
339.5;45.88000;40.36700;12.62800;26.27700;51.58400
340;45.43300;39.98000;12.42800;26.13000;51.06900
340.5;45.14100;39.69600;12.26000;25.94500;50.65200
341;44.84500;39.37400;12.15100;25.82300;50.31500
341.5;44.54500;39.00300;12.00700;25.61700;49.99800
342;44.15100;38.67600;11.87300;25.53600;49.71700
342.5;43.73400;38.31200;11.84000;25.41900;49.33800
343;43.22100;37.86100;11.76700;25.22100;49.00700
343.5;42.76900;37.54500;11.67800;24.99600;48.63500
344;42.34300;37.19400;11.54000;24.69400;48.15700
344.5;42.01000;36.80200;11.37800;24.44100;47.70300
345;41.79100;36.50800;11.20200;24.23100;47.26100
345.5;41.63100;36.23800;11.16100;23.99500;46.80000
346;41.39400;35.92200;11.06000;23.78900;46.44100
346.5;41.19400;35.64300;10.99400;23.57700;46.11700
347;40.91900;35.40100;10.96200;23.43300;45.76000
347.5;40.68700;35.19800;10.89600;23.28600;45.37900
348;40.35700;34.89500;10.79500;23.10700;45.02200
348.5;40.05000;34.62300;10.64400;22.95100;44.68400
349;39.70000;34.22100;10.53700;22.74400;44.25500
349.5;39.30600;33.87600;10.37200;22.58800;43.74300
350;38.88300;33.47800;10.25700;22.36200;43.27800
350.5;38.36100;32.98800;10.13100;22.13800;42.83800
351;37.84100;32.58900;10.01100;21.89300;42.37300
351.5;37.51000;32.22200;9.88800;21.66500;41.88900
352;37.27000;31.93200;9.80400;21.37600;41.30400
352.5;36.98300;31.56400;9.65900;21.14100;40.78500
353;36.69100;31.20300;9.56000;20.87300;40.27200
353.5;36.54200;30.97900;9.47100;20.64700;39.84000
354;36.27300;30.66000;9.41900;20.43600;39.37500
354.5;35.92000;30.40000;9.29200;20.24100;38.91000
355;35.57200;30.08200;9.16400;20.04900;38.50300
355.5;35.12700;29.64900;9.03100;19.82200;38.08800
356;34.73900;29.34000;8.93000;19.59200;37.64700
356.5;34.38700;28.98000;8.78500;19.35300;37.18600
357;34.03200;28.58900;8.70400;19.06500;36.68600
357.5;33.60500;28.09300;8.57000;18.93400;36.38800
358;33.20300;27.71900;8.45000;18.75600;36.03300
358.5;32.95400;27.44600;8.35600;18.62100;35.71400
359;32.64900;27.14900;8.24000;18.47800;35.41400
359.5;32.31500;26.83000;8.11700;18.27000;34.99800
360;31.93200;26.41800;8.00300;18.03100;34.47200
360.5;31.35200;25.85400;7.92900;17.72900;33.95900
361;30.84500;25.39100;7.90800;17.42400;33.43100
361.5;30.48800;24.97500;7.83200;17.17100;32.96200
362;30.25900;24.74000;7.75300;16.97400;32.63500
362.5;30.12800;24.63900;7.66700;16.83300;32.30500
363;30.02700;24.53000;7.53100;16.69300;31.94600
363.5;30.14100;24.61300;7.44300;16.57000;31.65500
364;30.13600;24.56600;7.31000;16.38100;31.40200
364.5;29.92000;24.39200;7.19400;16.13600;30.98000
365;29.57600;24.05700;7.08100;15.85100;30.52800
365.5;29.01800;23.47300;6.98800;15.52400;29.98000
366;28.57700;22.94000;6.89000;15.23100;29.42000
366.5;28.16100;22.42300;6.75200;14.99300;28.95700
367;27.64800;21.91200;6.60500;14.80200;28.53700
367.5;27.11300;21.37100;6.42300;14.59800;28.08700
368;26.67400;20.87800;6.13000;14.47200;27.74400
368.5;26.48800;20.58100;5.92200;14.35000;27.39500
369;26.07800;20.16700;5.72700;14.16100;26.96800
369.5;25.61500;19.80700;5.60800;13.93300;26.48900
370;25.17400;19.39100;5.46800;13.68900;26.00300
370.5;24.72600;18.94000;5.37400;13.46100;25.47400
371;24.45800;18.63500;5.37200;13.23000;25.00700
371.5;24.17400;18.33900;5.33200;12.96700;24.66100
372;23.80300;17.95200;5.25500;12.78600;24.40300
372.5;23.55800;17.61000;5.21000;12.53800;24.03500
373;23.28900;17.34000;4.99700;12.36300;23.81300
373.5;23.14600;17.14500;4.83300;12.16400;23.39200
374;22.85500;16.87900;4.70300;11.89300;22.97000
374.5;22.45700;16.53400;4.65400;11.64200;22.46700
375;22.06600;16.15100;4.54200;11.41300;21.93700
375.5;21.72200;15.76800;4.49500;11.24400;21.46500
376;21.34600;15.38900;4.50100;11.03500;21.06300
376.5;21.05400;15.08000;4.46100;10.86200;20.77100
377;20.78900;14.75600;4.38700;10.81900;20.50700
377.5;20.66000;14.50300;4.40100;10.66000;20.21000
378;20.48800;14.34500;4.26600;10.54400;20.12800
378.5;20.28700;14.16400;4.16900;10.39300;19.78000
379;20.06800;13.97700;4.08100;10.20500;19.50700
379.5;19.88500;13.85700;3.98000;10.05000;19.17600
380;19.82200;13.77600;3.82000;9.88400;18.88200
380.5;19.62800;13.65700;3.65600;9.65800;18.45000
381;19.29800;13.40600;3.49500;9.38800;17.99800
381.5;18.92700;13.20800;3.39400;9.14100;17.50100
382;18.51100;12.87000;3.27100;9.01000;17.05100
382.5;18.08500;12.39100;3.24200;8.78900;16.63200
383;17.69600;11.98400;3.19700;8.53100;16.12600
383.5;17.30700;11.57700;3.17500;8.37800;15.73900
384;17.01800;11.23700;3.17500;8.15700;15.43400
384.5;16.95700;11.05400;3.06600;8.04900;15.28900
385;16.94200;10.93800;2.91400;7.95700;15.12800
385.5;16.88100;10.84600;2.75800;7.84600;14.88700
386;16.79800;10.63500;2.63400;7.70800;14.63600
386.5;16.50200;10.36800;2.55600;7.60900;14.35900
387;16.15800;10.00900;2.41200;7.57600;14.15100
387.5;15.80400;9.60000;2.30400;7.53100;13.95300
388;15.49300;9.29200;2.23700;7.38700;13.62200
388.5;15.24400;9.06000;2.24700;7.25300;13.41800
389;15.07100;8.84200;2.31500;7.01700;13.14800
389.5;14.92400;8.68600;2.24300;6.87000;12.99100
390;14.65400;8.55900;2.20900;6.71200;12.70100
390.5;14.42100;8.36900;2.18100;6.58900;12.51900
391;14.14400;8.11600;2.13000;6.48500;12.30500
391.5;13.78600;7.87400;2.02100;6.35100;12.01000
392;13.43500;7.53300;1.90600;6.25800;11.76700
392.5;13.00700;7.11100;1.81900;6.19700;11.55600
393;12.57200;6.68100;1.76200;6.07800;11.21200
393.5;12.32700;6.37600;1.78700;5.89200;10.82000
394;12.22500;6.17600;1.75800;5.72700;10.49900
394.5;12.17700;6.12000;1.66300;5.60200;10.27900
395;12.21800;6.13600;1.60300;5.48700;10.06300
395.5;12.27200;6.13500;1.50400;5.41700;9.93700
396;12.34400;6.16700;1.39700;5.38800;9.86000
396.5;12.41200;6.24600;1.26700;5.28800;9.82100
397;12.23800;6.10000;1.22200;5.20900;9.70000
397.5;11.95600;5.91100;1.16500;5.13300;9.53700
398;11.76300;5.74500;1.07400;5.06800;9.39900
398.5;11.65400;5.62500;1.06300;4.97700;9.14000
399;11.59500;5.53900;1.01700;4.84900;8.85700
399.5;11.55600;5.43300;0.99400;4.70300;8.59200
400;11.50400;5.29100;0.94800;4.56400;8.33600
400.5;11.29100;4.98900;0.90200;4.47700;8.08000
401;11.13000;4.71600;0.81400;4.43600;7.87000
401.5;10.93100;4.46900;0.79300;4.36500;7.73800
402;10.64300;4.26100;0.83300;4.25500;7.49100
402.5;10.45000;4.08800;0.78800;4.15500;7.26800
403;10.35600;4.01400;0.70700;4.10800;7.22700
403.5;10.26100;3.95600;0.76300;4.01100;7.02700
404;10.25200;3.98400;0.81200;3.92400;6.89300
404.5;10.24000;4.02700;0.81600;3.84000;6.76400
405;10.11100;3.97400;0.78600;3.77400;6.68500
405.5;10.03700;3.86100;0.73600;3.78800;6.64200
406;10.08800;3.85500;0.68000;3.80300;6.59200
406.5;10.07200;3.78800;0.69300;3.80100;6.54200
407;9.99500;3.70200;0.63200;3.77200;6.52600
407.5;9.90100;3.50000;0.54800;3.76700;6.51300
408;9.80100;3.36000;0.43300;3.75100;6.49000
408.5;9.61100;3.15700;0.38400;3.65900;6.37900
409;9.54000;3.06600;0.37900;3.56200;6.20300
409.5;9.31100;2.90000;0.32300;3.41500;5.99400
410;9.00000;2.62100;0.31400;3.32600;5.90000
410.5;8.75300;2.43200;0.31600;3.27300;5.76800
411;8.58200;2.29300;0.37500;3.17700;5.58300
411.5;8.41400;2.22200;0.41200;3.11900;5.52000
412;8.29300;2.17000;0.43600;3.05400;5.49900
412.5;8.27600;2.10900;0.46100;3.03700;5.49000
413;8.33500;2.10800;0.40900;3.06000;5.48600
413.5;8.36400;2.14700;0.32600;3.01700;5.43700
414;8.38400;2.12600;0.28200;2.98000;5.32500
414.5;8.26100;1.89500;0.21400;2.96700;5.21300
415;8.07800;1.64300;0.16800;2.96900;5.14300
415.5;7.82900;1.33900;0.10500;2.98600;4.95800
416;7.63800;1.10700;0.09100;2.94400;4.71600
416.5;7.47800;1.02600;0.04200;2.89400;4.61100
417;7.36700;0.98500;0.08300;2.74800;4.40700
417.5;7.26500;0.89500;0.09900;2.64000;4.29900
418;7.29800;0.92900;0.08800;2.56200;4.22900
418.5;7.46900;1.16800;0.10400;2.48900;4.16800
419;7.57600;1.34800;0.17200;2.44000;4.15300
419.5;7.69300;1.41400;0.22100;2.42900;4.07900
420;7.70800;1.48400;0.27800;2.42300;4.03800
420.5;7.70000;1.42600;0.28900;2.45200;4.02500
421;7.75200;1.46300;0.31600;2.43500;3.93700
421.5;7.78300;1.52300;0.28000;2.38200;3.88100
422;7.69500;1.46400;0.24500;2.31200;3.85900
422.5;7.47500;1.30000;0.22500;2.25200;3.80900
423;7.37400;1.24600;0.19000;2.23300;3.76500
423.5;7.47200;1.37500;0.19100;2.25200;3.79900
424;7.54500;1.47300;0.17200;2.30100;3.89600
424.5;7.62000;1.49600;0.11200;2.38600;3.93900
425;7.67500;1.52300;0.05400;2.44800;3.99200
425.5;7.74500;1.54200;0.05400;2.44500;4.04000
426;7.88900;1.61600;0.06700;2.38000;3.98000
426.5;7.97300;1.61800;0.02200;2.27600;3.94300
427;7.83200;1.51400;0.00200;2.19200;3.87600
427.5;7.67200;1.40600;0.00000;2.10900;3.75000
428;7.60300;1.30300;-0.02500;2.04500;3.68800
428.5;7.67100;1.25500;0.00400;2.01500;3.67000
429;7.71100;1.17600;-0.02300;2.04900;3.72700
429.5;7.74500;1.16200;-0.09600;2.09600;3.77700
430;7.73500;1.23100;-0.10800;2.10900;3.80200
430.5;7.67800;1.20000;-0.11900;2.11700;3.78000
431;7.56500;1.11800;-0.15500;2.12300;3.78800
431.5;7.36200;0.96600;-0.18700;2.13200;3.74800
432;7.18400;0.88600;-0.21600;2.12800;3.67400
432.5;7.11800;0.86900;-0.26600;2.11100;3.58800
433;7.11900;0.85900;-0.29100;2.05600;3.52200
433.5;7.17500;0.89300;-0.23100;2.05500;3.44800
434;7.25500;0.91600;-0.22500;2.06100;3.39900
434.5;7.36100;1.04100;-0.21000;2.03100;3.33100
435;7.43900;1.14600;-0.16100;2.00000;3.27600
435.5;7.42600;1.07300;-0.18100;1.94100;3.24100
436;7.38200;1.03300;-0.19100;1.94200;3.22400
436.5;7.28100;0.92500;-0.17100;1.94200;3.09700
437;7.26400;0.85300;-0.20600;1.94100;3.04200
437.5;7.16900;0.70300;-0.24400;1.93400;2.98800
438;7.10900;0.62500;-0.22100;1.86200;2.87900
438.5;7.06500;0.57300;-0.14700;1.84900;2.85500
439;7.04800;0.52600;-0.07800;1.83900;2.88300
439.5;6.95300;0.47000;-0.07800;1.84200;2.99700
440;6.77400;0.35000;-0.09400;1.85300;3.14400
440.5;6.66900;0.30500;-0.14500;1.84000;3.22700
441;6.53900;0.28600;-0.18100;1.84700;3.22200
441.5;6.40000;0.20100;-0.16100;1.85300;3.14100
442;6.34700;0.14800;-0.19300;1.86500;3.08900
442.5;6.27700;0.08900;-0.20800;1.85200;3.06000
443;6.33500;0.12700;-0.19900;1.79400;2.97300
443.5;6.45400;0.24000;-0.16000;1.75100;2.94500
444;6.61400;0.38800;-0.13500;1.75500;2.97500
444.5;6.65500;0.36000;-0.17500;1.75400;3.01500
445;6.56800;0.25900;-0.15100;1.74500;3.03800
445.5;6.48500;0.21300;-0.15300;1.77900;2.96300
446;6.40700;0.19000;-0.14800;1.77400;2.80900
446.5;6.33900;0.13500;-0.10900;1.79100;2.64800
447;6.35700;0.11600;-0.11500;1.83400;2.61000
447.5;6.40700;0.18000;-0.12700;1.88400;2.65000
448;6.49000;0.25600;-0.20500;1.97700;2.79200
448.5;6.70700;0.45100;-0.23300;1.99800;2.85400
449;6.95300;0.74200;-0.23000;1.98000;2.90200
449.5;7.04200;0.73900;-0.28200;1.90000;2.92600
450;7.00600;0.68100;-0.29700;1.79300;2.91300
450.5;6.89500;0.70700;-0.33700;1.74100;2.88900
451;6.86300;0.67100;-0.38200;1.66000;2.78600
451.5;6.79400;0.53600;-0.40500;1.61300;2.73400
452;6.65900;0.35700;-0.43700;1.64500;2.86800
452.5;6.55500;0.22300;-0.45200;1.73500;3.02000
453;6.45400;0.10900;-0.52500;1.87000;3.19100
453.5;6.42400;0.03200;-0.52800;1.89900;3.19700
454;6.41100;0.00300;-0.50400;1.87600;3.16600
454.5;6.39200;-0.12500;-0.48300;1.82800;3.05900
455;6.47100;-0.18400;-0.45100;1.71500;2.88200
455.5;6.46900;-0.16700;-0.42100;1.63000;2.77600
456;6.47400;-0.20600;-0.42200;1.54500;2.64100
456.5;6.46400;-0.23200;-0.39300;1.45500;2.50500
457;6.35700;-0.26800;-0.31900;1.40300;2.45700
457.5;6.28300;-0.30900;-0.30200;1.40400;2.41400
458;6.13900;-0.36000;-0.32600;1.41300;2.30500
458.5;6.00300;-0.41700;-0.32600;1.37600;2.20500
459;5.80800;-0.53900;-0.31700;1.38200;2.13600
459.5;5.78200;-0.58600;-0.31300;1.42600;2.12100
460;5.85300;-0.54900;-0.33400;1.43500;2.08800
460.5;5.88500;-0.43400;-0.37500;1.43700;2.14200
461;5.93200;-0.29200;-0.44400;1.46800;2.22000
461.5;5.98800;-0.21800;-0.42800;1.48300;2.28900
462;6.08300;-0.17300;-0.35000;1.46000;2.34400
462.5;6.21400;-0.09100;-0.26600;1.41100;2.33100
463;6.36500;0.02600;-0.25400;1.41600;2.32500
463.5;6.40900;0.06900;-0.24600;1.42600;2.30300
464;6.37900;0.00700;-0.21300;1.46800;2.30300
464.5;6.47000;0.01600;-0.23900;1.51400;2.36700
465;6.51000;0.05600;-0.27000;1.54500;2.34800
465.5;6.40400;0.00700;-0.27500;1.53700;2.31000
466;6.33400;-0.04400;-0.27900;1.52500;2.27600
466.5;6.26200;-0.16800;-0.24500;1.46800;2.22000
467;6.35400;-0.19200;-0.23500;1.36300;2.16300
467.5;6.49900;-0.03300;-0.20600;1.27300;2.05000
468;6.56600;0.01000;-0.22300;1.26600;2.01300
468.5;6.43300;-0.08900;-0.27600;1.32300;2.05900
469;6.40200;-0.14200;-0.26900;1.37900;2.13100
469.5;6.35400;-0.17800;-0.32000;1.46600;2.27300
470;6.29100;-0.20500;-0.37300;1.55300;2.35700
470.5;6.19200;-0.26200;-0.38500;1.59100;2.43800
471;6.12900;-0.31200;-0.40800;1.53800;2.43800
471.5;6.04600;-0.43500;-0.43800;1.43000;2.30500
472;6.02300;-0.48900;-0.52300;1.32800;2.18600
472.5;6.01400;-0.48800;-0.52600;1.25300;1.98300
473;5.97500;-0.52700;-0.48700;1.21600;1.88500
473.5;5.87100;-0.53400;-0.47200;1.22900;1.84700
474;5.81500;-0.58200;-0.46100;1.23500;1.83600
474.5;5.72900;-0.60200;-0.45900;1.28600;1.91300
475;5.68100;-0.61900;-0.41200;1.32300;2.02800
475.5;5.69300;-0.65900;-0.42300;1.32800;2.11400
476;5.63100;-0.72600;-0.43400;1.31200;2.15800
476.5;5.55300;-0.86700;-0.45200;1.27500;2.10000
477;5.58200;-0.89300;-0.43700;1.22800;2.00600
477.5;5.76600;-0.79400;-0.39400;1.19000;1.89800
478;5.97100;-0.63000;-0.41000;1.19800;1.90500
478.5;6.07200;-0.48700;-0.41100;1.20600;1.90000
479;6.04500;-0.48000;-0.46500;1.23100;1.97100
479.5;5.90400;-0.49500;-0.47000;1.24000;2.02700
480;5.65900;-0.69300;-0.44500;1.23900;2.06600
480.5;5.32600;-1.04800;-0.48500;1.22300;2.08300
481;5.03300;-1.32400;-0.47600;1.17800;2.07600
481.5;4.76300;-1.58000;-0.42100;1.13900;2.04500
482;4.58700;-1.74200;-0.32300;1.13400;1.99800
482.5;4.52300;-1.82000;-0.29300;1.12700;1.94600
483;4.48700;-1.87100;-0.32600;1.17600;1.95500
483.5;4.51800;-1.80800;-0.34000;1.24800;1.96800
484;4.58600;-1.68500;-0.38600;1.34300;1.99500
484.5;4.77000;-1.38200;-0.40900;1.38000;1.97400
485;5.08800;-1.00900;-0.41500;1.37900;1.94900
485.5;5.35100;-0.72800;-0.45200;1.36100;1.99900
486;5.61900;-0.34500;-0.42400;1.29400;2.02300
486.5;5.83600;-0.07200;-0.37400;1.29800;2.11200
487;5.99900;0.12700;-0.35100;1.33800;2.23500
487.5;6.15700;0.22200;-0.37500;1.37900;2.31000
488;6.16400;0.21300;-0.38200;1.46800;2.37000
488.5;6.10600;0.06300;-0.41300;1.57100;2.48300
489;5.99900;-0.10700;-0.46000;1.67800;2.55200
489.5;5.97900;-0.24200;-0.46600;1.68900;2.54500
490;5.97300;-0.34800;-0.43700;1.62400;2.47200
490.5;5.90100;-0.45800;-0.42600;1.54700;2.42600
491;5.84800;-0.46500;-0.38900;1.43000;2.32600
491.5;5.84700;-0.44800;-0.38800;1.35100;2.26400
492;5.91800;-0.37600;-0.39600;1.25700;2.18900
492.5;5.91400;-0.35100;-0.40300;1.18600;2.14000
493;5.76100;-0.43900;-0.41600;1.14300;2.06800
493.5;5.61900;-0.55100;-0.40000;1.09500;2.00400
494;5.51900;-0.65200;-0.42200;1.10100;1.90200
494.5;5.34200;-0.90700;-0.38100;1.10900;1.79000
495;5.16700;-1.19100;-0.35100;1.11500;1.69900
495.5;5.04700;-1.39500;-0.33400;1.15100;1.67000
496;5.06800;-1.41400;-0.41800;1.18600;1.69700
496.5;5.13300;-1.39300;-0.49300;1.21100;1.78700
497;5.29000;-1.24100;-0.53400;1.21800;1.90600
497.5;5.37500;-1.16000;-0.57800;1.23100;2.02000
498;5.44000;-1.09700;-0.61200;1.18100;2.06900
498.5;5.62300;-0.82600;-0.57300;1.07200;2.02200
499;5.81500;-0.59900;-0.54000;1.02100;1.97900
499.5;5.81300;-0.53000;-0.48200;1.02600;1.97300
500;5.79300;-0.56800;-0.46100;1.01100;1.91700
500.5;5.76200;-0.59300;-0.43600;0.96500;1.77500
501;5.70400;-0.64500;-0.50200;0.96000;1.68800
501.5;5.52000;-0.79400;-0.51900;0.87700;1.59700
502;5.27900;-0.94300;-0.52400;0.86900;1.57100
502.5;5.16700;-1.09100;-0.54500;0.90900;1.53000
503;5.11100;-1.13300;-0.50500;0.92600;1.50300
503.5;5.26500;-0.98300;-0.46500;0.94200;1.50500
504;5.46800;-0.88700;-0.40200;1.01600;1.52700
504.5;5.63900;-0.80300;-0.40300;1.13900;1.61900
505;5.79500;-0.86100;-0.39500;1.23200;1.64100
505.5;5.84600;-0.93600;-0.39000;1.29700;1.64400
506;5.76600;-1.12900;-0.40900;1.33800;1.61100
506.5;5.57700;-1.29800;-0.40900;1.29300;1.60900
507;5.45300;-1.33500;-0.41200;1.28900;1.70500
507.5;5.45000;-1.26200;-0.35900;1.24100;1.73900
508;5.40100;-1.17100;-0.32500;1.21000;1.82400
508.5;5.26000;-1.24900;-0.31900;1.17700;1.92800
509;5.10400;-1.37000;-0.29800;1.13700;1.97800
509.5;5.00900;-1.46200;-0.32500;1.11000;2.01900
510;4.85600;-1.65200;-0.39100;1.10200;2.02200
510.5;4.62600;-1.82800;-0.48600;1.08700;2.00400
511;4.39500;-2.01100;-0.48200;1.01000;1.77000
511.5;4.27500;-2.12300;-0.44600;0.95300;1.61200
512;4.32000;-2.12000;-0.42300;0.94100;1.55000
512.5;4.44000;-2.01700;-0.38300;0.94000;1.44900
513;4.50300;-1.99300;-0.45400;0.95900;1.43100
513.5;4.42700;-2.09700;-0.50000;0.97300;1.43800
514;4.44300;-2.10800;-0.57300;1.01800;1.48500
514.5;4.51900;-2.09700;-0.65200;1.04800;1.58300
515;4.55200;-2.11400;-0.67600;1.08000;1.66400
515.5;4.61300;-2.00000;-0.65700;1.04300;1.70000
516;4.64000;-1.92400;-0.60200;0.97700;1.63000
516.5;4.62200;-1.92200;-0.58900;0.92800;1.55200
517;4.58500;-1.90000;-0.55700;0.89000;1.55200
517.5;4.49600;-1.88200;-0.57600;0.84400;1.45200
518;4.35500;-1.96000;-0.57300;0.78600;1.30200
518.5;4.24400;-2.00500;-0.52000;0.70600;1.16200
519;4.16500;-2.11500;-0.46200;0.69500;1.11900
519.5;4.06700;-2.26300;-0.41500;0.75100;1.17700
520;3.96200;-2.40900;-0.36600;0.82500;1.32400
520.5;3.98700;-2.48400;-0.42200;0.91900;1.50600
521;4.05500;-2.48700;-0.55000;1.00200;1.63600
521.5;4.11800;-2.51800;-0.74500;1.06100;1.73300
522;4.13400;-2.36000;-0.85800;1.12900;1.86700
522.5;4.14600;-2.24400;-0.94300;1.14500;1.86800
523;4.28200;-2.01500;-0.91800;1.15800;1.80200
523.5;4.56800;-1.72900;-0.80300;1.10800;1.63800
524;4.85900;-1.47400;-0.67200;1.01300;1.50400
524.5;5.08800;-1.29400;-0.55400;0.97400;1.34100
525;5.27500;-1.19900;-0.42800;0.88800;1.22300
525.5;5.35600;-1.25000;-0.33200;0.80000;1.09100
526;5.32600;-1.36300;-0.30200;0.69300;0.95000
526.5;5.08500;-1.59800;-0.33200;0.67400;0.94300
527;4.74100;-1.83900;-0.30300;0.68600;0.98000
527.5;4.24000;-2.18000;-0.30500;0.69800;1.08000
528;3.90600;-2.41300;-0.29100;0.74800;1.13600
528.5;3.69200;-2.60800;-0.34000;0.77400;1.20400
529;3.69600;-2.57100;-0.40100;0.80000;1.23100
529.5;3.84100;-2.46500;-0.46600;0.83000;1.24100
530;4.10100;-2.30500;-0.43600;0.77600;1.18700
530.5;4.45500;-1.95300;-0.42200;0.76400;1.21400
531;4.91600;-1.54500;-0.48300;0.77100;1.23300
531.5;5.27900;-1.19000;-0.57500;0.85400;1.33200
532;5.39800;-1.02700;-0.59700;0.90700;1.43700
532.5;5.27600;-1.10600;-0.64000;0.91700;1.50000
533;5.07600;-1.32800;-0.60400;0.93900;1.49900
533.5;4.77200;-1.65400;-0.60600;0.96300;1.51300
534;4.51700;-1.91300;-0.56100;1.00000;1.53900
534.5;4.28200;-2.16300;-0.52200;0.98400;1.53300
535;4.08200;-2.38200;-0.39300;0.87300;1.37800
535.5;4.06400;-2.34900;-0.33300;0.79900;1.34200
536;4.19300;-2.19500;-0.26300;0.74300;1.32100
536.5;4.39000;-1.92100;-0.28100;0.71600;1.33300
537;4.50800;-1.75000;-0.30300;0.73200;1.41000
537.5;4.63000;-1.64500;-0.36500;0.79300;1.45700
538;4.65600;-1.61300;-0.38600;0.87500;1.55200
538.5;4.63600;-1.63200;-0.42400;0.96300;1.66200
539;4.51700;-1.80200;-0.44100;1.03500;1.76600
539.5;4.30800;-2.06700;-0.46500;1.02700;1.75400
540;4.03600;-2.35700;-0.50000;0.97800;1.70200
540.5;3.93000;-2.44000;-0.47800;0.91500;1.65100
541;3.95400;-2.38300;-0.41600;0.84900;1.62000
541.5;4.17800;-2.13300;-0.33500;0.75800;1.43800
542;4.47300;-1.85500;-0.26100;0.74500;1.34600
542.5;4.72400;-1.61300;-0.23400;0.79300;1.32100
543;4.92600;-1.40900;-0.23300;0.83400;1.33500
543.5;5.13200;-1.21700;-0.24300;0.85900;1.26100
544;5.20200;-1.23200;-0.30500;0.86200;1.13100
544.5;5.04000;-1.37000;-0.40400;0.81700;1.00100
545;4.84800;-1.57800;-0.46100;0.77700;0.95100
545.5;4.74900;-1.75800;-0.48200;0.79000;1.02500
546;4.71900;-1.85600;-0.49700;0.78100;1.19100
546.5;4.68900;-1.88200;-0.40900;0.78800;1.28200
547;4.72400;-1.81700;-0.37400;0.80900;1.43500
547.5;4.81300;-1.74700;-0.43000;0.87200;1.63200
548;4.97200;-1.60700;-0.52500;0.92300;1.78800
548.5;5.13200;-1.45300;-0.53800;0.92900;1.79500
549;5.26000;-1.41800;-0.56300;0.91500;1.76200
549.5;5.20800;-1.52400;-0.58100;0.88900;1.69100
550;5.27400;-1.58300;-0.50900;0.84400;1.59700
550.5;5.14200;-1.72800;-0.45900;0.82400;1.46100
551;4.94000;-1.88800;-0.37700;0.82000;1.35100
551.5;4.64800;-2.03400;-0.30500;0.82600;1.30700
552;4.46600;-2.11900;-0.29900;0.83800;1.28600
552.5;4.42900;-2.14300;-0.35800;0.89700;1.34900
553;4.57700;-1.98900;-0.43300;0.95900;1.36500
553.5;4.70100;-1.80700;-0.47500;0.99700;1.33300
554;4.96200;-1.64100;-0.49500;1.00500;1.37600
554.5;5.20200;-1.50400;-0.50300;0.99200;1.28100
555;5.50600;-1.32400;-0.50500;0.89900;1.12400
555.5;5.48300;-1.37400;-0.48400;0.81100;0.90400
556;5.37200;-1.46900;-0.42600;0.77500;0.79700
556.5;5.14100;-1.65600;-0.36300;0.70100;0.75600
557;4.83000;-1.96200;-0.29600;0.67300;0.75500
557.5;4.34200;-2.43800;-0.33100;0.67100;0.83100
558;3.92200;-2.77000;-0.45000;0.72300;0.88000
558.5;3.55300;-2.96400;-0.62400;0.82900;0.95300
559;3.48100;-3.00800;-0.71500;0.91500;1.08200
559.5;3.52300;-2.94800;-0.82900;1.01800;1.15300
560;3.76400;-2.78500;-0.85000;1.00900;1.16600
560.5;4.00000;-2.67700;-0.82700;1.01700;1.17900
561;4.31200;-2.45000;-0.73400;0.98500;1.14800
561.5;4.53200;-2.33500;-0.63800;0.95000;1.11100
562;4.57700;-2.38100;-0.57800;0.91400;1.15500
562.5;4.44000;-2.52800;-0.55000;0.83900;1.21400
563;4.26600;-2.71000;-0.55100;0.78400;1.27600
563.5;4.10000;-2.78300;-0.54800;0.74500;1.28300
564;4.00500;-2.82700;-0.59000;0.67900;1.25800
564.5;3.93800;-2.80800;-0.66100;0.66100;1.22700
565;3.88400;-2.74000;-0.64900;0.59500;1.16300
565.5;3.88700;-2.57200;-0.57100;0.54300;1.07600
566;3.92600;-2.37000;-0.55100;0.55800;1.01000
566.5;3.96600;-2.29000;-0.60100;0.61900;0.96900
567;3.94500;-2.29900;-0.65300;0.71300;1.08300
567.5;3.97600;-2.26600;-0.62600;0.78100;1.25100
568;4.07800;-2.25600;-0.64400;0.85700;1.37800
568.5;4.09400;-2.24800;-0.60100;0.89000;1.37800
569;4.11400;-2.34400;-0.58000;0.90300;1.39400
569.5;4.13600;-2.43100;-0.54400;0.84900;1.32400
570;4.04100;-2.53200;-0.49200;0.81300;1.30600
570.5;4.12000;-2.42900;-0.40500;0.80000;1.24500
571;4.24000;-2.29100;-0.33500;0.77800;1.12500
571.5;4.41000;-2.13100;-0.37700;0.72100;0.96200
572;4.46100;-1.95500;-0.35200;0.65500;0.81500
572.5;4.49100;-1.83700;-0.36300;0.63000;0.72400
573;4.48300;-1.81100;-0.41700;0.65200;0.66100
573.5;4.31400;-1.95800;-0.40000;0.67300;0.66600
574;4.25400;-2.09200;-0.44900;0.71200;0.74800
574.5;4.16200;-2.27900;-0.49100;0.73700;0.78700
575;4.08300;-2.40100;-0.55000;0.80100;0.93700
575.5;4.23000;-2.42700;-0.63400;0.87400;1.05600
576;4.41900;-2.29400;-0.66200;0.92900;1.27600
576.5;4.55300;-2.13200;-0.68100;0.94600;1.46900
577;4.53200;-2.06000;-0.61400;0.90400;1.45600
577.5;4.44000;-2.11700;-0.53800;0.82600;1.37100
578;4.25400;-2.23300;-0.44400;0.72700;1.22700
578.5;4.20600;-2.33100;-0.41200;0.65800;1.13600
579;4.22400;-2.38200;-0.42800;0.59800;1.02100
579.5;4.17800;-2.47200;-0.48700;0.60300;1.00900
580;4.24900;-2.41900;-0.55300;0.61500;1.01400
580.5;4.38300;-2.35300;-0.63000;0.61600;0.98400
581;4.47500;-2.25500;-0.63800;0.61800;0.97000
581.5;4.41300;-2.24100;-0.61100;0.65600;1.04500
582;4.24800;-2.34900;-0.57700;0.62600;1.01400
582.5;4.12800;-2.43800;-0.55300;0.58800;0.94500
583;4.19900;-2.33800;-0.51000;0.53200;0.81500
583.5;4.33200;-2.18900;-0.53500;0.47700;0.66200
584;4.40300;-2.08300;-0.60000;0.45900;0.57000
584.5;4.41300;-2.02200;-0.63700;0.48300;0.61900
585;4.41200;-2.00300;-0.63000;0.48100;0.61700
585.5;4.32200;-2.07800;-0.62800;0.48400;0.58900
586;4.11400;-2.26500;-0.61400;0.53700;0.61100
586.5;3.83100;-2.54300;-0.60500;0.62900;0.74000
587;3.64700;-2.80200;-0.54600;0.60300;0.74100
587.5;3.63400;-2.85200;-0.50000;0.56500;0.66300
588;3.89900;-2.66300;-0.42200;0.58500;0.59600
588.5;4.19100;-2.29500;-0.38200;0.53500;0.52900
589;4.56400;-1.93300;-0.34500;0.52400;0.53800
589.5;4.82000;-1.64700;-0.26700;0.50600;0.64600
590;5.02000;-1.40000;-0.27000;0.46400;0.70900
590.5;5.09300;-1.26800;-0.31600;0.48800;0.82800
591;4.94000;-1.29700;-0.36100;0.59800;0.96200
591.5;4.74600;-1.50000;-0.35600;0.65400;1.05200
592;4.45900;-1.83300;-0.30200;0.61800;0.93900
592.5;4.16500;-2.12200;-0.27000;0.59700;0.80000
593;3.95800;-2.40000;-0.16000;0.66400;0.77000
593.5;3.87000;-2.44300;-0.12900;0.65100;0.80600
594;3.94700;-2.40000;-0.15200;0.61000;0.78900
594.5;4.07800;-2.24000;-0.23100;0.54600;0.79000
595;4.25800;-2.02900;-0.40500;0.52100;0.81800
595.5;4.41800;-1.86900;-0.50300;0.48300;0.83800
596;4.57800;-1.75400;-0.51700;0.45100;0.76600
596.5;4.73500;-1.71700;-0.50100;0.41100;0.68900
597;4.76000;-1.82400;-0.49900;0.42600;0.71100
597.5;4.72400;-1.95200;-0.46000;0.46600;0.81200
598;4.64600;-2.13000;-0.30200;0.50400;0.89300
598.5;4.54300;-2.23500;-0.27400;0.50400;0.93600
599;4.46300;-2.34700;-0.28400;0.49000;0.86800
599.5;4.27400;-2.47700;-0.37300;0.52200;0.87100
600;4.12400;-2.53600;-0.40100;0.60000;0.86300
600.5;4.04000;-2.61700;-0.39100;0.59900;0.73100
601;4.00500;-2.60200;-0.34700;0.58500;0.56300
601.5;3.92500;-2.60900;-0.41200;0.59400;0.51900
602;3.83900;-2.52900;-0.44700;0.58500;0.56800
602.5;3.76600;-2.51000;-0.46600;0.59200;0.69500
603;3.49900;-2.70700;-0.41900;0.56100;0.77300
603.5;3.10900;-3.06100;-0.45400;0.53400;0.84700
604;2.83100;-3.32100;-0.49100;0.51000;0.85000
604.5;2.62400;-3.54400;-0.52800;0.48400;0.85600
605;2.72800;-3.56100;-0.50000;0.51100;0.84800
605.5;2.89900;-3.50300;-0.42700;0.48000;0.78700
606;3.31000;-3.13100;-0.39800;0.50200;0.78700
606.5;3.74400;-2.73100;-0.43900;0.56500;0.89200
607;4.14700;-2.31800;-0.46600;0.60600;0.93900
607.5;4.35200;-2.03100;-0.51100;0.65200;0.99100
608;4.14600;-2.19400;-0.47500;0.67600;1.03300
608.5;3.73000;-2.58500;-0.36600;0.68100;1.08100
609;3.39400;-2.88100;-0.36300;0.69600;1.08100
609.5;3.01500;-3.27100;-0.33900;0.69000;1.04700
610;2.64100;-3.72500;-0.32400;0.64400;1.01800
610.5;2.45900;-3.95700;-0.30800;0.61100;0.93700
611;2.56100;-3.92700;-0.37300;0.62600;0.96400
611.5;2.72000;-3.82300;-0.48900;0.67100;1.05600
612;2.82700;-3.62900;-0.63700;0.66600;1.05000
612.5;2.90700;-3.47900;-0.68800;0.66300;1.11400
613;2.67400;-3.60800;-0.66400;0.73200;1.17700
613.5;2.33900;-3.94900;-0.54500;0.76700;1.24600
614;2.04100;-4.22500;-0.52000;0.84100;1.35900
614.5;1.89800;-4.38700;-0.50000;0.90400;1.42300
615;1.89000;-4.43300;-0.47800;0.87800;1.41200
615.5;2.11100;-4.24300;-0.44400;0.90600;1.43400
616;2.61100;-3.87000;-0.33500;0.86900;1.40600
616.5;3.12800;-3.38900;-0.25300;0.77600;1.25600
617;3.61200;-2.86700;-0.21600;0.65800;1.06100
617.5;4.06000;-2.50600;-0.14600;0.62900;0.94600
618;4.05400;-2.48200;-0.10600;0.60700;0.76600
618.5;3.95000;-2.60100;-0.00800;0.53600;0.58400
619;3.82000;-2.80200;-0.09700;0.51900;0.52800
619.5;3.68700;-2.96200;-0.21700;0.48000;0.53700
620;3.51100;-3.11200;-0.32700;0.48100;0.61900
620.5;3.41600;-3.17300;-0.40200;0.52100;0.70400
621;3.43300;-3.09700;-0.40100;0.47100;0.66400
621.5;3.51300;-3.06700;-0.46100;0.41200;0.58100
622;3.61500;-3.00000;-0.48900;0.40400;0.58700
622.5;3.66900;-3.09500;-0.47300;0.40900;0.54200
623;3.52000;-3.12200;-0.44200;0.35100;0.47400
623.5;3.59500;-3.07700;-0.30900;0.31400;0.42300
624;3.63000;-3.00600;-0.29900;0.29300;0.37800
624.5;3.67300;-2.95800;-0.25900;0.27900;0.29800
625;3.62800;-3.02500;-0.27300;0.34300;0.22200
625.5;3.55700;-3.06200;-0.31100;0.45600;0.23000
626;3.47700;-3.01200;-0.23700;0.55700;0.26200
626.5;3.39400;-3.03900;-0.20700;0.65500;0.43700
627;3.24500;-3.07500;-0.19200;0.77100;0.63600
627.5;3.05700;-3.22400;-0.20800;0.83100;0.82400
628;2.79600;-3.32800;-0.22300;0.76400;0.83800
628.5;2.62700;-3.46900;-0.24300;0.63900;0.73800
629;2.52700;-3.55400;-0.27100;0.47800;0.60600
629.5;2.66700;-3.50100;-0.32100;0.33500;0.32100
630;2.94000;-3.43000;-0.40900;0.22700;0.14800
630.5;3.25200;-3.25400;-0.48900;0.27200;0.14700
631;3.58000;-2.98800;-0.39800;0.32800;0.12600
631.5;3.81000;-2.83600;-0.36800;0.38500;0.20000
632;3.98600;-2.81400;-0.34300;0.43100;0.26000
632.5;4.03900;-2.89400;-0.31200;0.45700;0.34100
633;3.92100;-3.01300;-0.36700;0.45000;0.30600
633.5;3.81000;-3.07800;-0.48100;0.40000;0.31800
634;3.79100;-2.98000;-0.60600;0.40900;0.39000
634.5;3.91600;-2.79300;-0.70000;0.48500;0.44900
635;3.94200;-2.59500;-0.84300;0.54500;0.65600
635.5;3.99500;-2.46900;-0.87800;0.61900;0.81100
636;3.94000;-2.42500;-0.81000;0.68700;0.85400
636.5;3.76000;-2.59900;-0.68500;0.64600;0.90300
637;3.46000;-2.89900;-0.49100;0.54300;0.79800
637.5;3.09600;-3.23900;-0.27700;0.45100;0.65200
638;2.90400;-3.46200;-0.16000;0.40500;0.50200
638.5;2.90000;-3.51100;-0.09700;0.40400;0.45000
639;3.08800;-3.43100;-0.17900;0.46500;0.28900
639.5;3.33800;-3.39800;-0.39100;0.58400;0.41000
640;3.43300;-3.34400;-0.59500;0.60400;0.46900
640.5;3.56500;-3.20400;-0.73100;0.58200;0.40300
641;3.50700;-3.22900;-0.78300;0.55600;0.34000
641.5;3.50200;-3.26400;-0.80500;0.44600;0.30300
642;3.43800;-3.27000;-0.72700;0.25700;0.25200
642.5;3.21900;-3.38600;-0.57800;0.10900;0.13200
643;2.99400;-3.45900;-0.45800;0.15700;0.17900
643.5;2.85500;-3.59200;-0.36900;0.25900;0.35300
644;2.77300;-3.75500;-0.30100;0.32500;0.40300
644.5;2.72300;-3.84800;-0.43900;0.42600;0.71700
645;2.61000;-3.92000;-0.39800;0.46600;0.76100
645.5;2.50000;-3.92300;-0.37800;0.50900;0.73100
646;2.60200;-3.86700;-0.32300;0.46500;0.73700
646.5;2.81600;-3.70700;-0.24600;0.40700;0.62300
647;3.05200;-3.48900;-0.16000;0.24700;0.54000
647.5;2.96800;-3.49400;-0.04300;0.19900;0.53100
648;2.85600;-3.59300;-0.13400;0.33500;0.68000
648.5;2.97800;-3.55400;-0.20800;0.34700;0.65200
649;3.16500;-3.34900;-0.29900;0.31000;0.58800
649.5;3.41700;-3.05600;-0.48900;0.31200;0.63700
650;3.57900;-2.98400;-0.56400;0.34100;0.57900
650.5;3.74000;-2.81000;-0.61800;0.40500;0.55700
651;3.93300;-2.63800;-0.58000;0.37100;0.46800
651.5;3.78600;-2.72900;-0.51200;0.37600;0.29000
652;3.55300;-2.97500;-0.46600;0.36500;0.12400
652.5;3.09500;-3.39600;-0.31200;0.34100;0.03100
653;2.79700;-3.82600;-0.27700;0.33100;-0.06900
653.5;2.64500;-3.89200;-0.19700;0.22900;-0.21900
654;2.68300;-3.79000;-0.23700;0.20500;-0.16700
654.5;2.88700;-3.68700;-0.25700;0.15900;-0.14200
655;3.16100;-3.55000;-0.31500;0.13600;-0.02200
655.5;3.37200;-3.30400;-0.37300;0.17500;0.02800
656;3.45500;-3.21100;-0.42500;0.22600;0.20800
656.5;3.20100;-3.45200;-0.58300;0.26500;0.31500
657;2.85500;-3.76400;-0.66800;0.32700;0.40500
657.5;2.44800;-4.05800;-0.73100;0.36400;0.43900
658;2.25600;-4.31500;-0.69600;0.39200;0.52700
658.5;2.30000;-4.25500;-0.60100;0.43500;0.59800
659;2.64000;-3.97000;-0.55700;0.52000;0.78000
659.5;3.02600;-3.70600;-0.39600;0.53700;0.93000
660;3.38400;-3.38700;-0.25100;0.49900;1.13600
660.5;3.54100;-3.25400;-0.15200;0.56700;1.28400
661;3.63200;-3.29100;-0.08200;0.68000;1.46100
661.5;3.46700;-3.43700;-0.06400;0.74300;1.45800
662;3.29100;-3.64600;-0.00600;0.72500;1.34700
662.5;2.92400;-3.93900;-0.00700;0.67600;1.09100
663;2.72100;-4.13600;0.12800;0.54900;0.90800
663.5;2.75700;-4.11200;0.25800;0.42900;0.71900
664;2.85300;-4.02300;0.31000;0.34600;0.68300
664.5;2.83800;-4.00400;0.35700;0.25600;0.69300
665;2.79600;-4.01700;0.24900;0.13700;0.78000
665.5;2.72900;-4.08900;0.08000;0.10400;0.86800
666;2.68300;-4.11000;-0.12300;0.20300;0.96100
666.5;2.78400;-3.94900;-0.27500;0.28200;0.97300
667;2.81200;-3.72400;-0.41300;0.32600;0.96000
667.5;2.84900;-3.57200;-0.51800;0.32300;0.82900
668;3.06000;-3.21500;-0.48800;0.29900;0.66900
668.5;3.46600;-2.87600;-0.43500;0.31500;0.69300
669;3.79600;-2.61300;-0.34500;0.35600;0.78200
669.5;3.96700;-2.41400;-0.36500;0.40100;0.81300
670;4.00000;-2.36600;-0.50300;0.41600;0.80800
670.5;3.86600;-2.49500;-0.52100;0.31700;0.67700
671;3.52800;-2.74200;-0.49600;0.30700;0.71300
671.5;3.25200;-2.98100;-0.50700;0.21000;0.65600
672;2.89300;-3.30900;-0.51800;0.19700;0.69200
672.5;2.63100;-3.74000;-0.44100;0.12700;0.54300
673;2.50300;-4.02300;-0.33000;0.07000;0.52000
673.5;2.53700;-4.13400;-0.32400;0.07300;0.71400
674;2.55300;-4.24300;-0.28800;0.07300;0.78000
674.5;2.41600;-4.23500;-0.30200;0.13400;0.63100
675;2.36900;-4.29400;-0.41500;0.14800;0.43100
675.5;2.36900;-4.26600;-0.41700;0.07200;0.27200
676;2.22200;-4.33700;-0.49000;0.13500;0.24100
676.5;2.08000;-4.41800;-0.64600;0.17100;0.19000
677;1.95500;-4.64700;-0.78900;0.32200;0.32900
677.5;1.71400;-4.94700;-0.78400;0.37700;0.47500
678;1.39100;-5.28400;-0.78900;0.38600;0.65200
678.5;1.15400;-5.50500;-0.76800;0.41900;0.73900
679;1.10100;-5.61400;-0.70200;0.42100;0.64900
679.5;1.16400;-5.48500;-0.56200;0.47100;0.58000
680;1.51600;-5.30000;-0.54300;0.44800;0.65500
680.5;1.91100;-4.92700;-0.42700;0.40200;0.63400
681;2.22000;-4.48800;-0.30800;0.44700;0.57400
681.5;2.49900;-4.21500;-0.26100;0.47800;0.57100
682;2.78200;-4.02100;-0.32000;0.49000;0.55900
682.5;2.78100;-3.94000;-0.33800;0.52400;0.77900
683;2.66500;-3.93700;-0.47000;0.56100;0.90700
683.5;2.70700;-3.75900;-0.61900;0.72100;1.02800
684;3.04600;-3.41100;-0.72600;0.82300;1.16900
684.5;3.35100;-3.16800;-0.84200;0.96100;1.45500
685;3.53300;-3.04200;-0.96400;1.02300;1.68600
685.5;3.45700;-3.13900;-0.92800;1.04700;1.76300
686;3.19400;-3.34500;-0.78300;0.99100;1.58100
686.5;3.10100;-3.48800;-0.60700;0.83700;1.19200
687;3.01200;-3.65800;-0.52300;0.62700;0.70000
687.5;2.76600;-3.98200;-0.45800;0.55800;0.54100
688;2.72100;-4.07100;-0.47100;0.47700;0.44400
688.5;2.84600;-3.78900;-0.47800;0.41100;0.21800
689;3.05200;-3.62400;-0.45700;0.34700;0.24500
689.5;3.21600;-3.50300;-0.37700;0.29000;0.25700
690;3.25100;-3.44100;-0.33600;0.31400;0.34500
690.5;3.04000;-3.65000;-0.36200;0.37000;0.52800
691;2.80500;-3.80500;-0.30900;0.30800;0.41100
691.5;2.60900;-3.93900;-0.15800;0.16900;0.04500
692;2.28400;-4.32600;-0.19100;0.13100;-0.08600
692.5;2.04800;-4.70100;-0.23100;0.19100;0.01700
693;1.84100;-4.92700;-0.28400;0.26100;0.19400
693.5;1.64700;-4.93200;-0.44400;0.40000;0.39400
694;1.65300;-4.86900;-0.64300;0.56300;0.70500
694.5;1.83900;-4.68700;-0.68600;0.62500;0.86800
695;2.01100;-4.47600;-0.73100;0.63600;0.98100
695.5;2.20800;-4.35200;-0.74400;0.63200;1.03300
696;2.40300;-4.16700;-0.61500;0.49800;0.84000
696.5;2.58600;-4.06800;-0.39900;0.32000;0.54200
697;2.80700;-3.93600;-0.21100;0.20300;0.40300
697.5;3.14800;-3.68200;-0.14300;0.12000;0.33300
698;3.32300;-3.44400;-0.04200;0.15400;0.43500
698.5;3.45400;-3.12700;-0.09700;0.25900;0.52500
699;3.56200;-3.05200;-0.23200;0.36600;0.58200
699.5;3.58200;-3.09300;-0.24400;0.40100;0.70400
700;3.55700;-3.21500;-0.29900;0.35500;0.81600
700.5;3.57800;-3.26000;-0.35600;0.40000;0.93500
701;3.54100;-3.25500;-0.37100;0.45000;0.98200
701.5;3.47800;-3.28900;-0.28600;0.50500;1.13800
702;3.40100;-3.28500;-0.29300;0.62400;1.15400
702.5;3.32400;-3.40400;-0.37400;0.68300;1.14600
703;3.22300;-3.40000;-0.29400;0.70700;1.03400
703.5;3.17000;-3.38500;-0.27700;0.72800;0.80600
704;2.99200;-3.62100;-0.36100;0.68100;0.70400
704.5;2.78900;-3.81000;-0.43200;0.61500;0.72200
705;2.62200;-3.95700;-0.52200;0.48200;0.69300
705.5;2.44200;-3.93800;-0.60600;0.42500;0.71000
706;2.36900;-3.84600;-0.51200;0.35600;0.71400
706.5;2.22400;-3.90000;-0.40200;0.35900;0.74400
707;2.13700;-3.97200;-0.44700;0.44400;0.76800
707.5;2.09100;-4.16900;-0.48800;0.48900;0.85800
708;2.03000;-4.30100;-0.45600;0.54600;0.84400
708.5;1.95000;-4.56500;-0.36500;0.60000;0.74800
709;1.70400;-4.85500;-0.45600;0.54000;0.57300
709.5;1.50100;-5.12500;-0.52000;0.44200;0.29800
710;1.32600;-5.36800;-0.46500;0.29800;-0.03900
710.5;1.20600;-5.41600;-0.40000;0.12300;-0.29100
711;1.30600;-5.31100;-0.18800;-0.08000;-0.47400
711.5;1.58000;-5.09200;-0.17500;-0.13700;-0.50700
712;2.13700;-4.59000;-0.14000;-0.10000;-0.33800
712.5;2.64600;-4.11000;-0.17000;-0.00500;-0.07400
713;3.12100;-3.79000;-0.23200;0.18000;0.14000
713.5;3.36700;-3.58000;-0.24800;0.30000;0.30000
714;3.41700;-3.41100;-0.36200;0.38700;0.34700
714.5;3.33300;-3.52100;-0.39600;0.41600;0.43000
715;3.12400;-3.76500;-0.40300;0.52800;0.58900
715.5;2.78300;-4.02700;-0.41000;0.54700;0.65600
716;2.44200;-4.27200;-0.34900;0.60700;0.79500
716.5;2.21700;-4.45100;-0.46900;0.72400;1.03200
717;2.03200;-4.55200;-0.44500;0.83500;1.18700
717.5;1.90100;-4.67400;-0.45600;0.87500;1.22000
718;1.92800;-4.71400;-0.35100;0.83400;1.18000
718.5;1.77600;-4.85800;-0.21900;0.73000;1.06900
719;1.82600;-4.97600;-0.16100;0.62200;0.91500
719.5;1.86900;-5.06300;-0.15400;0.58000;0.83600
720;1.88000;-5.16500;-0.31900;0.60500;0.81100
720.5;1.81900;-5.28100;-0.48300;0.49200;0.54700
721;1.95000;-5.18600;-0.59400;0.42200;0.37100
721.5;2.17800;-5.02300;-0.78700;0.35900;0.16800
722;2.21200;-4.88500;-0.81700;0.36700;0.06300
722.5;2.47400;-4.51000;-0.77500;0.33000;-0.01300
723;2.58300;-4.33400;-0.58900;0.24500;0.00900
723.5;2.59000;-4.30100;-0.43900;0.20200;0.01200
724;2.72800;-4.23900;-0.40600;0.30900;0.07600
724.5;2.64900;-4.16500;-0.44200;0.45600;0.16300
725;2.69700;-4.05900;-0.51600;0.52500;0.30000
725.5;2.85100;-3.84100;-0.48900;0.48400;0.26300
726;3.25800;-3.35800;-0.43500;0.45700;0.37400
726.5;3.59700;-2.92300;-0.36600;0.47100;0.30700
727;3.77800;-2.68900;-0.17100;0.55600;0.30800
727.5;3.88300;-2.53800;-0.02800;0.57300;0.26800
728;3.80400;-2.73800;0.10300;0.56900;0.29400
728.5;3.60200;-3.01500;0.09100;0.59200;0.33500
729;3.28900;-3.33900;0.04100;0.78300;0.59100
729.5;2.99800;-3.62700;0.01600;0.78900;0.67400
730;2.87700;-3.78300;0.01800;0.70100;0.80000
730.5;2.74600;-3.87300;-0.01800;0.57700;0.86200
731;2.46800;-4.06600;-0.08900;0.35100;0.80100
731.5;2.14100;-4.34500;-0.18500;0.11000;0.41800
732;1.75400;-4.72400;-0.23800;-0.02500;0.16000
732.5;1.38900;-5.02900;-0.29600;-0.20800;-0.22600
733;1.14600;-5.27500;-0.28300;-0.29500;-0.47200
733.5;0.83300;-5.57400;-0.34600;-0.23400;-0.36400
734;0.77400;-5.65500;-0.31400;-0.07800;-0.11700
734.5;1.14100;-5.56800;-0.29600;0.06400;0.08400
735;1.51100;-5.36800;-0.20900;0.20900;0.29400
735.5;2.01500;-4.94900;-0.11200;0.32300;0.38600
736;2.33900;-4.76800;0.01300;0.27300;0.29200
736.5;2.45000;-4.65300;-0.08800;0.26800;0.31500
737;2.24300;-4.76500;-0.32000;0.38800;0.60600
737.5;2.01000;-4.89100;-0.41400;0.30100;0.52400
738;1.70300;-5.04900;-0.45400;0.31300;0.43400
738.5;1.24600;-5.42100;-0.50800;0.33300;0.38400
739;0.91700;-5.72100;-0.55100;0.31600;0.09600
739.5;1.04100;-5.70800;-0.71000;0.30700;-0.12700
740;1.33400;-5.46100;-0.58700;0.22800;-0.48400
740.5;1.52600;-5.15200;-0.40700;0.12800;-0.83100
741;1.63100;-5.05500;-0.29800;0.06800;-0.97000
741.5;1.69800;-4.94300;-0.34300;0.10000;-0.88200
742;1.83800;-4.83300;-0.35400;0.18800;-0.66500
742.5;2.07300;-4.57900;-0.32800;0.18100;-0.38400
743;2.38800;-4.24100;-0.40600;0.27300;0.01600
743.5;2.81600;-3.79900;-0.43000;0.39600;0.43700
744;3.15500;-3.48000;-0.55300;0.52800;0.76700
744.5;3.54500;-3.13700;-0.63400;0.67700;1.07900
745;3.66700;-2.99700;-0.46600;0.65800;1.12500
745.5;3.41100;-3.20400;-0.39100;0.60700;1.05700
746;3.10000;-3.61200;-0.41200;0.55400;0.94900
746.5;2.74200;-4.09000;-0.47500;0.55700;0.77800
747;2.49900;-4.40300;-0.51800;0.49200;0.69300
747.5;2.25300;-4.75200;-0.66200;0.49000;0.83200
748;2.16600;-4.96100;-0.78600;0.41100;0.81100
748.5;2.25100;-4.92400;-0.80300;0.32400;0.72700
749;2.09100;-5.03200;-0.87800;0.34700;0.64900
749.5;2.00600;-4.95900;-0.75100;0.43300;0.56800
750;1.80500;-5.10800;-0.61500;0.43800;0.49000
750.5;1.50600;-5.34600;-0.55500;0.51400;0.48600
751;1.22900;-5.64000;-0.45700;0.52400;0.45300
751.5;1.14900;-5.74400;-0.40200;0.52300;0.47200
752;1.21900;-5.62300;-0.35300;0.48600;0.56800
752.5;1.28600;-5.61000;-0.42700;0.56700;0.82300
753;1.05100;-5.91500;-0.50500;0.56300;0.96800
753.5;0.65800;-6.11300;-0.60200;0.54500;1.17300
754;0.34000;-6.26600;-0.75200;0.56300;1.36200
754.5;0.30900;-6.21600;-0.78800;0.52400;1.32600
755;0.25400;-6.26400;-0.88000;0.57000;1.35200
755.5;0.25700;-6.19300;-0.87100;0.55000;1.15000
756;0.57400;-5.97600;-0.69500;0.35100;0.67900
756.5;1.11400;-5.42800;-0.48600;0.14400;0.15200
757;1.35900;-5.04400;-0.27300;-0.01900;-0.32000
757.5;1.58400;-4.93100;-0.21500;-0.05700;-0.60200
758;1.54900;-5.06800;-0.34000;-0.03800;-0.70300
758.5;1.33600;-5.26800;-0.50000;-0.08300;-0.67700
759;1.07200;-5.59500;-0.62000;-0.09700;-0.63100
759.5;0.96300;-5.77100;-0.71700;-0.04200;-0.52900
760;0.81100;-5.85600;-0.81300;0.07300;-0.19300
760.5;0.73700;-6.00600;-0.82000;0.18100;0.04700
761;0.86900;-5.94400;-0.63700;0.27100;0.20000
761.5;0.97300;-5.80700;-0.35100;0.29400;0.12400
762;0.72200;-5.89000;0.00500;0.21500;-0.30700
762.5;0.62300;-6.00400;0.29000;-0.00200;-0.92100
763;0.35000;-6.20200;0.43800;-0.25800;-1.36200
763.5;-0.00600;-6.51100;0.55600;-0.54600;-1.83400
764;-0.32000;-6.66900;0.61600;-0.62700;-1.95800
764.5;-0.45400;-6.68400;0.50700;-0.57400;-1.65000
765;-0.40800;-6.62100;0.35300;-0.47100;-1.33100
765.5;-0.09500;-6.49600;0.12500;-0.18500;-0.86200
766;0.52700;-6.09300;-0.12200;0.12600;-0.32800
766.5;1.27000;-5.43300;-0.26000;0.35700;0.08700
767;1.68200;-4.88200;-0.45900;0.51300;0.37500
767.5;1.90600;-4.65000;-0.47100;0.45300;0.32800
768;1.90000;-4.68100;-0.43500;0.40800;0.45900
768.5;1.87500;-4.64500;-0.36500;0.33700;0.37600
769;1.75800;-4.81900;-0.36100;0.32300;0.37100
769.5;1.71500;-4.97000;-0.30200;0.23900;0.12300
770;2.09500;-4.76800;-0.30900;0.21300;-0.30600
770.5;2.52100;-4.49000;-0.33200;0.19700;-0.58700
771;3.09300;-4.02200;-0.44400;0.20100;-0.63400
771.5;3.53900;-3.48400;-0.46600;0.15300;-0.69900
772;3.73300;-3.17900;-0.59700;0.05600;-0.69300
772.5;3.41000;-3.54700;-0.58900;0.03800;-0.61600
773;2.81000;-4.16200;-0.51300;-0.00700;-0.37400
773.5;2.16800;-4.92200;-0.41800;0.01900;-0.22400
774;1.53200;-5.75900;-0.46500;0.14100;0.05800
774.5;1.08100;-6.24500;-0.41000;0.28800;0.12500
775;0.97100;-6.40500;-0.47700;0.48500;0.32400
775.5;1.11400;-6.12000;-0.59600;0.57100;0.60400
776;1.36900;-5.73000;-0.74700;0.67700;0.92000
776.5;1.67700;-5.25500;-0.69900;0.61400;0.81200
777;1.99800;-4.81300;-0.52400;0.42100;0.56100
777.5;1.99000;-4.76100;-0.35200;0.17200;0.38700
778;1.82600;-4.91700;-0.17200;-0.03300;0.16300
778.5;1.53700;-5.23400;0.00300;-0.21300;-0.16700
779;0.84600;-5.82200;0.00200;-0.37600;-0.45400
779.5;0.08300;-6.35100;-0.01200;-0.54300;-0.89200
780;-0.38700;-6.79200;-0.03900;-0.69700;-1.28000
780.5;-0.65700;-6.79600;-0.23500;-0.80100;-1.35800
781;-0.79000;-6.81500;-0.28900;-0.72300;-1.19800
781.5;-0.69900;-6.74200;-0.21200;-0.62600;-0.96900
782;-0.25200;-6.43000;-0.13800;-0.51700;-0.53500
782.5;0.07700;-6.10700;-0.18100;-0.36500;0.16400
783;0.24000;-6.05200;-0.23900;-0.04500;0.86600
783.5;0.38900;-6.05500;-0.18100;0.10600;1.23000
784;0.46300;-6.11600;-0.12600;0.21400;1.29900
784.5;0.58400;-5.91900;0.06500;0.22000;1.11200
785;0.91400;-5.76400;0.15900;0.13600;0.73100
785.5;0.81700;-5.91600;0.09000;0.04700;0.30100
786;0.92500;-5.97200;0.08700;-0.04000;-0.16300
786.5;1.16900;-6.15000;0.05100;-0.22600;-0.56100
787;1.38600;-6.13700;-0.01200;-0.41100;-0.84500
787.5;1.35900;-6.04200;0.01100;-0.55300;-0.91600
788;1.56000;-5.77400;0.01400;-0.59900;-0.86900
788.5;1.76800;-5.47500;-0.00500;-0.55700;-0.84600
789;1.95300;-5.20800;-0.02200;-0.52400;-0.84600
789.5;2.08500;-4.80100;-0.02200;-0.37000;-0.64800
790;2.02000;-4.84300;-0.17200;-0.18900;-0.36700
790.5;1.74800;-5.07300;-0.37400;0.05900;-0.14000
791;1.55200;-5.11300;-0.49900;0.25500;0.14500
791.5;1.44100;-5.32800;-0.58600;0.41900;0.34800
792;1.09500;-5.55600;-0.66400;0.55800;0.44300
792.5;1.00400;-5.46900;-0.42600;0.57500;0.58300
793;1.23000;-5.13500;-0.26500;0.59400;0.56100
793.5;1.42500;-5.02200;-0.19000;0.57400;0.23200
794;1.68200;-4.84500;-0.21500;0.35500;-0.37900
794.5;2.17600;-4.39400;-0.19600;0.15900;-0.81400
795;2.98600;-3.72500;-0.25500;0.01200;-1.13000
795.5;3.79600;-3.05000;-0.32200;-0.15200;-1.08900
796;4.24100;-2.40600;-0.47200;-0.26300;-0.82100
796.5;4.38600;-2.00600;-0.57600;-0.34700;-0.53700
797;4.29100;-2.02500;-0.54300;-0.40000;-0.24600
797.5;4.31100;-2.13700;-0.31900;-0.51000;0.07500
798;4.11200;-2.30000;-0.34800;-0.41900;0.33500
798.5;3.84100;-2.65400;-0.48100;-0.31900;0.39300
799;3.44500;-3.09300;-0.62300;-0.23400;0.19400
799.5;3.41100;-3.39800;-0.77100;-0.12000;0.21300
800;3.57300;-3.47600;-0.76700;-0.01700;-0.00200
800.5;3.67600;-3.54200;-0.84600;0.05300;0.19900
801;3.40300;-3.63800;-1.00200;0.03400;0.25800
801.5;2.98900;-3.74700;-0.84800;-0.04700;0.19100
802;2.85100;-3.93600;-0.54300;-0.11200;0.20900
802.5;2.81300;-3.96700;-0.35900;-0.18700;0.18100
803;2.55100;-4.09900;-0.35800;-0.22600;0.26200
803.5;2.44000;-4.30400;-0.45300;-0.14900;0.27400
804;2.14600;-4.64200;-0.42700;-0.09200;0.23500
804.5;1.93600;-4.97300;-0.27300;-0.15800;0.16600
805;1.46100;-5.40100;-0.05000;-0.21700;0.06000
805.5;1.11500;-5.59300;-0.02900;-0.21700;-0.04500
806;0.65200;-6.01500;0.06400;-0.30000;-0.32100
806.5;0.46600;-6.15000;0.23200;-0.39200;-0.76600
807;0.24500;-6.33500;0.26000;-0.34100;-0.99800
807.5;0.24500;-6.28900;0.20600;-0.25300;-1.13500
808;0.64400;-5.92300;0.14300;-0.13600;-1.09600
808.5;1.11300;-5.52000;-0.04000;0.06800;-1.01300
809;1.64100;-5.02700;-0.26100;0.18700;-0.63300
809.5;2.07600;-4.55100;-0.36300;0.20900;-0.24800
810;2.49100;-4.06500;-0.67500;0.37000;0.47600
810.5;2.80600;-3.63100;-1.06100;0.57000;0.96200
811;3.06800;-3.46500;-1.28000;0.72800;1.43000
811.5;3.04000;-3.59900;-1.36400;0.72200;1.57500
812;2.61900;-3.92500;-1.22500;0.82500;1.75700
812.5;2.21100;-4.30200;-1.05100;0.86500;1.82600
813;1.86400;-4.46300;-0.59200;0.69800;1.57900
813.5;1.42300;-4.78500;-0.18900;0.56200;1.45000
814;1.16800;-5.18200;-0.06100;0.41600;1.29800
814.5;1.10500;-5.36400;-0.02800;0.22100;0.88600
815;1.56300;-5.16700;-0.30300;0.19600;0.80700
815.5;2.03100;-4.76700;-0.68600;0.26600;0.74900
816;2.90200;-4.18900;-0.89400;0.31500;0.83800
816.5;3.65900;-3.62100;-1.05600;0.43900;0.94300
817;4.06200;-2.97900;-1.00600;0.66000;1.02300
817.5;4.38100;-2.61300;-1.05200;0.84200;0.95900
818;4.38900;-2.21800;-0.85800;0.82400;0.72300
818.5;4.24400;-2.20300;-0.67100;0.82200;0.54400
819;3.70800;-2.76200;-0.62400;0.71300;0.15900
819.5;2.77300;-3.64000;-0.52500;0.59200;-0.24800
820;1.65400;-4.79600;-0.48200;0.17700;-0.92500
820.5;0.76600;-5.77800;-0.38600;-0.43300;-1.77900
821;0.38200;-6.41600;-0.20000;-1.12500;-2.62400
821.5;-0.08200;-6.99700;-0.02200;-1.52800;-3.21500
822;-0.69900;-7.53000;0.24200;-1.70300;-3.45000
822.5;-1.11100;-7.94800;0.42300;-1.68200;-3.36200
823;-1.49100;-8.28300;0.45700;-1.42300;-2.87300
823.5;-1.51300;-8.43900;0.37000;-1.02800;-2.10500
824;-1.56200;-8.47100;0.26100;-0.48200;-1.00500
824.5;-1.68200;-8.63400;0.12000;0.09600;0.01600
825;-1.52300;-8.60400;0.00700;0.30400;0.35600
825.5;-0.94700;-8.19300;-0.09100;0.24500;0.23000
826;-0.07900;-7.43300;-0.14100;0.09600;-0.11100
826.5;0.53600;-6.80600;-0.18000;0.08300;-0.26100
827;0.76500;-6.33000;-0.07600;0.09000;-0.31000
827.5;1.14100;-5.66800;0.07700;0.16800;-0.38400
828;1.59200;-5.11100;0.22000;0.29800;-0.20500
828.5;2.13400;-4.34400;0.43800;0.43800;0.04700
829;2.59700;-3.82600;0.57800;0.53400;0.42800
829.5;2.81300;-3.64200;0.64900;0.49900;0.48700
830;2.89400;-3.48000;0.70300;0.39700;0.41600
830.5;3.00500;-3.56100;0.55900;0.18400;0.10300
831;2.92300;-3.87200;0.31800;0.00300;-0.24200
831.5;2.21800;-4.55600;0.02500;-0.20800;-0.60200
832;1.45500;-5.35700;-0.14900;-0.51100;-1.12900
832.5;0.83800;-6.09000;-0.15300;-0.71500;-1.60400
833;0.13300;-6.85200;-0.12700;-0.73000;-1.57800
833.5;-0.52000;-7.52400;-0.29600;-0.50800;-1.20500
834;-0.97200;-8.00600;-0.50700;-0.29900;-0.74100
834.5;-1.11000;-8.10700;-0.62100;-0.11800;-0.60300
835;-0.91700;-7.76300;-0.76100;0.22200;-0.19700
835.5;-0.51300;-7.37900;-0.96400;0.57300;0.21900
836;-0.48000;-7.23600;-0.97700;0.78100;0.40400
836.5;-0.77700;-7.23000;-0.85200;0.77300;0.32900
837;-0.76400;-7.30900;-0.50900;0.67700;0.04000
837.5;-1.15500;-7.73200;-0.22900;0.46000;-0.19800
838;-1.49900;-8.05400;-0.17100;0.38900;-0.21200
838.5;-1.59100;-8.31800;-0.39300;0.31500;-0.06700
839;-1.56200;-8.30800;-0.42000;0.24100;0.11100
839.5;-1.54300;-8.35800;-0.41200;0.28700;0.25500
840;-1.33200;-8.24700;-0.47700;0.42100;0.76800
840.5;-1.44000;-8.38800;-0.60100;0.54600;1.24800
841;-1.67600;-8.62800;-0.61600;0.66600;1.50900
841.5;-1.93100;-8.88400;-0.63600;0.68000;1.51900
842;-1.85100;-9.10500;-0.56400;0.78100;1.50300
842.5;-1.95700;-9.05000;-0.50000;0.46200;1.27200
843;-1.62200;-8.71900;-0.46300;0.34700;1.00000
843.5;-1.09200;-8.00700;-0.42400;0.15600;0.71400
844;-0.43700;-7.27900;-0.32700;0.15800;0.67400
844.5;0.01600;-6.63900;-0.16600;0.08600;0.57700
845;0.92300;-5.76500;-0.22200;0.08600;0.58400
845.5;1.39300;-5.14900;-0.50800;0.31000;0.78200
846;2.10200;-4.61300;-0.85100;0.66300;1.10600
846.5;1.94400;-4.67600;-1.22100;0.83500;1.31800
847;2.06800;-4.64000;-1.49100;1.00100;1.58200
847.5;1.76500;-5.01700;-1.67200;0.81800;1.61100
848;1.48200;-5.76600;-1.85800;0.91300;1.68600
848.5;1.09200;-6.06300;-1.67400;0.81700;1.12800
849;1.03200;-6.41800;-1.26400;0.58800;0.70000
849.5;1.06100;-6.40000;-0.79900;0.32100;0.16100
850;1.39000;-6.45300;-0.50900;0.22100;-0.19300
